peptide_id,SVM_pred,SVM_prob_AMP,SVM_confidence,SVM_hyperplane_distance,SVM_distance,SVM_score_z
SEQ_1,1,0.9598090464486547,0.9598090464486547,1.9283607235802225,1.9283607235802225,1.4571804976132274
SEQ_10,1,0.9446681749390075,0.9446681749390075,1.7299497860657254,1.7299497860657254,1.2881738756881316
SEQ_100,0,0.025546383529420447,0.9744536164705796,-2.1080893006610695,-2.1080893006610695,-1.9810714037802992
SEQ_101,1,0.5871878244620492,0.5871878244620492,0.2622038981854523,0.2622038981854523,0.037946557262348246
SEQ_102,1,0.8203115829381994,0.8203115829381994,0.9516920197810973,0.9516920197810973,0.6252531833390756
SEQ_103,0,0.33132209406505125,0.6686779059349488,-0.36850626637682204,-0.36850626637682204,-0.499292950104542
SEQ_104,0,0.14074915975927602,0.859250840240724,-1.012777005709676,-1.012777005709676,-1.0480833677289423
SEQ_105,0,0.33132209406505125,0.6686779059349488,-0.36850626637682204,-0.36850626637682204,-0.499292950104542
SEQ_106,0,0.33132209406505125,0.6686779059349488,-0.36850626637682204,-0.36850626637682204,-0.499292950104542
SEQ_107,1,0.5781415736004274,0.5781415736004274,0.24067398460591272,0.24067398460591272,0.019607356762620907
SEQ_108,1,0.8102303645093617,0.8102303645093617,0.9122291258411429,0.9122291258411429,0.5916386534158313
SEQ_109,1,0.8107276071701747,0.8107276071701747,0.9141374741714877,0.9141374741714877,0.5932641863063476
SEQ_11,0,0.07252253821671187,0.9274774617832882,-1.4494011470713137,-1.4494011470713137,-1.4200002192235035
SEQ_110,1,0.7968805340542345,0.7968805340542345,0.8623479650910774,0.8623479650910774,0.5491498340912652
SEQ_111,1,0.9521774549761843,0.9521774549761843,1.8208602692150508,1.8208602692150508,1.3656115101608945
SEQ_112,1,0.492000788163692,0.5079992118363079,0.03648718582348576,0.03648718582348576,-0.1543191491861543
SEQ_113,1,0.7684248806632089,0.7684248806632089,0.7635450687342619,0.7635450687342619,0.4649894346754786
SEQ_114,1,0.9026819503841271,0.9026819503841271,1.3694905848381542,1.3694905848381542,0.9811343913510397
SEQ_115,1,0.9258923833037475,0.9258923833037475,1.545385152400787,1.545385152400787,1.1309615483169406
SEQ_116,0,0.16407806501111438,0.8359219349888856,-0.9059728512167091,-0.9059728512167091,-0.9571074891582182
SEQ_117,1,0.8909754118782051,0.8909754118782051,1.2947820092043867,1.2947820092043867,0.9174975568354222
SEQ_118,1,0.9404045263275029,0.9404045263275029,1.6833906559412384,1.6833906559412384,1.2485147651537865
SEQ_119,1,0.9258923833037475,0.9258923833037475,1.545385152400787,1.545385152400787,1.1309615483169406
SEQ_12,1,0.5278402715014072,0.5278402715014072,0.12118947686846782,0.12118947686846782,-0.08216965854739981
SEQ_120,1,0.8213955488055538,0.8213955488055538,0.956036074046373,0.956036074046373,0.6289534528203381
SEQ_121,0,0.024612843308073087,0.9753871566919269,-2.1301984550948156,-2.1301984550948156,-1.9999040021807513
SEQ_122,1,0.9509822549052672,0.9509822549052672,1.8055234220900829,1.8055234220900829,1.3525475694525702
SEQ_123,1,0.9509822549052672,0.9509822549052672,1.8055234220900829,1.8055234220900829,1.3525475694525702
SEQ_124,0,0.059642977393236395,0.9403570226067636,-1.5998301547343652,-1.5998301547343652,-1.5481357884776887
SEQ_125,1,0.9484292923625424,0.9484292923625424,1.7739171114123136,1.7739171114123136,1.3256252844914673
SEQ_126,1,0.7690587561198605,0.7690587561198605,0.7656492841659345,0.7656492841659345,0.4667818073458797
SEQ_127,0,0.1528369618953186,0.8471630381046814,-0.9557639246981487,-0.9557639246981487,-0.9995195720632116
SEQ_128,0,0.15615474477144325,0.8438452552285567,-0.9407668539596864,-0.9407668539596864,-0.9867450531983227
SEQ_129,0,0.2749456298818151,0.7250543701181849,-0.5171542526394506,-0.5171542526394506,-0.6259114436660641
SEQ_13,0,0.0636492904938417,0.9363507095061583,-1.5320810280643915,-1.5320810280643915,-1.490427019090764
SEQ_130,1,0.7474638361484071,0.7474638361484071,0.6960758774280477,0.6960758774280477,0.4075191144929122
SEQ_131,0,0.47147305364616,0.52852694635384,-0.012077839507659505,-0.012077839507659505,-0.19568688313138533
SEQ_132,1,0.5233723730507329,0.5233723730507329,0.11061557974191338,0.11061557974191338,-0.09117651399765375
SEQ_133,1,0.5755101334006522,0.5755101334006522,0.23441035427483237,0.23441035427483237,0.014271990595288967
SEQ_134,1,0.5233723730507329,0.5233723730507329,0.11061557974191338,0.11061557974191338,-0.09117651399765375
SEQ_135,1,0.6717716781328065,0.6717716781328065,0.4782605809918462,0.4782605809918462,0.22198384151127004
SEQ_136,1,0.7474638361484071,0.7474638361484071,0.6960758774280477,0.6960758774280477,0.4075191144929122
SEQ_137,1,0.5818640741721874,0.5818640741721874,0.249534391940602,0.249534391940602,0.0271546600074673
SEQ_138,1,0.5818640741721874,0.5818640741721874,0.249534391940602,0.249534391940602,0.0271546600074673
SEQ_139,1,0.6459460785055214,0.6459460785055214,0.40104073247277106,0.40104073247277106,0.15620790240598284
SEQ_14,0,0.026989704260647344,0.9730102957393526,-2.075431228463698,-2.075431228463698,-1.9532532273742718
SEQ_140,1,0.8202958012419765,0.8202958012419765,0.9516289241746198,0.9516289241746198,0.6251994384425359
SEQ_141,0,0.14076337390357613,0.8592366260964239,-1.0127076131684327,-1.0127076131684327,-1.0480242590974864
SEQ_142,0,0.13842762526669042,0.8615723747333096,-1.0241901250834347,-1.0241901250834347,-1.057805073473344
SEQ_143,1,0.7163197491121931,0.7163197491121931,0.6022927968193011,0.6022927968193011,0.3276345988207099
SEQ_144,1,0.9135834737254183,0.9135834737254183,1.4467103450302927,1.4467103450302927,1.0469102552193599
SEQ_145,0,0.24644557630547415,0.7535544236945259,-0.6045319981932697,-0.6045319981932697,-0.7003398889547848
SEQ_146,1,0.492000788163692,0.5079992118363079,0.03648718582348576,0.03648718582348576,-0.1543191491861543
SEQ_147,0,0.3627372381776688,0.6372627618223312,-0.281951926110962,-0.281951926110962,-0.4255658822093083
SEQ_148,1,0.492000788163692,0.5079992118363079,0.03648718582348576,0.03648718582348576,-0.1543191491861543
SEQ_149,1,0.9561549609447806,0.9561549609447806,1.8746622237335586,1.8746622237335586,1.4114400652801218
SEQ_15,0,0.1762094270309314,0.8237905729690687,-0.8552244403333632,-0.8552244403333632,-0.9138799453599616
SEQ_150,1,0.6145703963461243,0.6145703963461243,0.3272217799750733,0.3272217799750733,0.09332884970873197
SEQ_151,1,0.9492822735211015,0.9492822735211015,1.7843091428714453,1.7843091428714453,1.3344772265963165
SEQ_152,1,0.9461275021257536,0.9461275021257536,1.7466643090382603,1.7466643090382603,1.3024113219704019
SEQ_153,1,0.6145703963461243,0.6145703963461243,0.3272217799750733,0.3272217799750733,0.09332884970873197
SEQ_154,0,0.3486098172991667,0.6513901827008333,-0.3202096190888505,-0.3202096190888505,-0.458153820827198
SEQ_155,1,0.8656781138185521,0.8656781138185521,1.154822218806518,1.154822218806518,0.7982796766277853
SEQ_156,1,0.7103867580826317,0.7103867580826317,0.5851612933844234,0.5851612933844234,0.3130419681910838
SEQ_157,1,0.9648253208026571,0.9648253208026571,2.0102468988313413,2.0102468988313413,1.5269312181880283
SEQ_158,1,0.9415991334646221,0.9415991334646221,1.69611181751073,1.69611181751073,1.2593506624624518
SEQ_159,1,0.8157392273967567,0.8157392273967567,0.933588225970562,0.933588225970562,0.6098323548591766
SEQ_16,1,0.7957256028434813,0.7957256028434813,0.858148726548199,0.858148726548199,0.5455729187776238
SEQ_160,1,0.845435261104531,0.845435261104531,1.0581981773847207,1.0581981773847207,0.7159752278810758
SEQ_161,1,0.9310459274891052,0.9310459274891052,1.591259959486211,1.591259959486211,1.1700377518473355
SEQ_162,1,0.9310459274891052,0.9310459274891052,1.591259959486211,1.591259959486211,1.1700377518473355
SEQ_163,1,0.9378162525112617,0.9378162525112617,1.656629035558244,1.656629035558244,1.2257191919115542
SEQ_164,1,0.9378162525112617,0.9378162525112617,1.656629035558244,1.656629035558244,1.2257191919115542
SEQ_165,1,0.9329737600275277,0.9329737600275277,1.6092421721859491,1.6092421721859491,1.1853550174234797
SEQ_166,0,0.4331278013930486,0.5668721986069514,-0.10383042429273803,-0.10383042429273803,-0.27384182056415185
SEQ_167,1,0.8658320264436749,0.8658320264436749,1.1556023730820009,1.1556023730820009,0.7989442127684411
SEQ_168,1,0.9369377871229769,0.9369377871229769,1.64778263487994,1.64778263487994,1.2181838195497015
SEQ_169,1,0.7511925205871486,0.7511925205871486,0.7077941511121576,0.7077941511121576,0.41750075096393824
SEQ_17,1,0.9484132883655457,0.9484132883655457,1.7737236899444335,1.7737236899444335,1.3254605279044378
SEQ_170,0,0.19115367845192566,0.8088463215480743,-0.7963502153534014,-0.7963502153534014,-0.8637308255232873
SEQ_171,1,0.9415914469691292,0.9415914469691292,1.696029187590982,1.696029187590982,1.25928027821962
SEQ_172,1,0.9135834737254183,0.9135834737254183,1.4467103450302927,1.4467103450302927,1.0469102552193599
SEQ_173,1,0.8560745837374942,0.8560745837374942,1.1075722850245397,1.1075722850245397,0.7580321388926585
SEQ_174,1,0.529955033173008,0.529955033173008,0.12619667927468103,0.12619667927468103,-0.07790451886019142
SEQ_175,1,0.5394217200253089,0.5394217200253089,0.14863080736666945,0.14863080736666945,-0.058795107594066906
SEQ_176,1,0.6456410009925411,0.6456410009925411,0.4003279576629305,0.4003279576629305,0.1556007601571053
SEQ_177,1,0.7261443286166355,0.7261443286166355,0.631145276252486,0.631145276252486,0.35221116775511946
SEQ_178,1,0.6512933562594747,0.6512933562594747,0.42424711184865693,0.42424711184865693,0.17597511803714794
SEQ_179,0,0.46187107570491875,0.5381289242950813,-0.03488233439716548,-0.03488233439716548,-0.21511177318162214
SEQ_18,1,0.7841661028095597,0.7841661028095597,0.8170477730697675,0.8170477730697675,0.5105630882092728
SEQ_180,1,0.7261443286166355,0.7261443286166355,0.631145276252486,0.631145276252486,0.35221116775511946
SEQ_181,1,0.7261443286166355,0.7261443286166355,0.631145276252486,0.631145276252486,0.35221116775511946
SEQ_182,1,0.7261443286166355,0.7261443286166355,0.631145276252486,0.631145276252486,0.35221116775511946
SEQ_183,1,0.687482841400387,0.687482841400387,0.5208716642152899,0.5208716642152899,0.2582800020071456
SEQ_184,1,0.5884023191646724,0.5884023191646724,0.2650935406566902,0.2650935406566902,0.04040795741877622
SEQ_185,1,0.7957256028434813,0.7957256028434813,0.858148726548199,0.858148726548199,0.5455729187776238
SEQ_186,1,0.8505633645211818,0.8505633645211818,1.0816341985226954,1.0816341985226954,0.7359380525797135
SEQ_187,1,0.7727510444487286,0.7727510444487286,0.777986940871681,0.777986940871681,0.47729103485334695
SEQ_188,1,0.6145703963461243,0.6145703963461243,0.3272217799750733,0.3272217799750733,0.09332884970873197
SEQ_189,1,0.9699359984063722,0.9699359984063722,2.106159595433854,2.106159595433854,1.6086297427531517
SEQ_19,1,0.8790292314176259,0.8790292314176259,1.2255268129474062,1.2255268129474062,0.8585059159673546
SEQ_190,0,0.2578485371028883,0.7421514628971118,-0.5688225500922678,-0.5688225500922678,-0.6699225477035299
SEQ_191,1,0.9103572128232071,0.9103572128232071,1.4229791454289167,1.4229791454289167,1.026695997229849
SEQ_192,0,0.33670464917081006,0.6632953508291899,-0.3532860779676095,-0.3532860779676095,-0.4863283793992776
SEQ_193,0,0.0516319409991232,0.9483680590008768,-1.6872853322928756,-1.6872853322928756,-1.6226301904203404
SEQ_194,0,0.11136622575025139,0.8886337742497487,-1.170884714294495,-1.170884714294495,-1.1827596616015281
SEQ_195,0,0.10170358881375066,0.8982964111862494,-1.2308594475075845,-1.2308594475075845,-1.2338461953792466
SEQ_196,1,0.9699359984063722,0.9699359984063722,2.106159595433854,2.106159595433854,1.6086297427531517
SEQ_197,1,0.9047598622451004,0.9047598622451004,1.383584923651469,1.383584923651469,0.9931399623187797
SEQ_198,1,0.9699359984063722,0.9699359984063722,2.106159595433854,2.106159595433854,1.6086297427531517
SEQ_199,1,0.8929757992595532,0.8929757992595532,1.307025807702614,1.307025807702614,0.9279268358340448
SEQ_2,1,0.5157006278151279,0.5157006278151279,0.09247335553830249,0.09247335553830249,-0.10663007752227525
SEQ_20,1,0.8790292314176259,0.8790292314176259,1.2255268129474062,1.2255268129474062,0.8585059159673546
SEQ_200,0,0.053778624158053054,0.946221375841947,-1.6626482724274858,-1.6626482724274858,-1.601644319811712
SEQ_201,0,0.15225865528500193,0.8477413447149981,-0.9584052030287113,-0.9584052030287113,-1.0017694154125973
SEQ_202,1,0.8545364341379325,0.8545364341379325,1.1002513959480784,1.1002513959480784,0.7517961987383479
SEQ_203,1,0.9404045263275029,0.9404045263275029,1.6833906559412384,1.6833906559412384,1.2485147651537865
SEQ_204,1,0.5579457625846721,0.5579457625846721,0.19261986605874626,0.19261986605874626,-0.02132518630674135
SEQ_205,0,0.06775233967707098,0.932247660322929,-1.4926027433635918,-1.4926027433635918,-1.4567993793030538
SEQ_206,0,0.0817500331836003,0.9182499668163997,-1.3727810781211893,-1.3727810781211893,-1.3547351729153467
SEQ_207,0,0.0817500331836003,0.9182499668163997,-1.3727810781211893,-1.3727810781211893,-1.3547351729153467
SEQ_208,1,0.724363266798586,0.724363266798586,0.6258680521705223,0.6258680521705223,0.34771602335225976
SEQ_209,1,0.7512857839027155,0.7512857839027155,0.7080887435249249,0.7080887435249249,0.41775168505633387
SEQ_21,0,0.07132537224472989,0.9286746277552701,-1.4599908236063333,-1.4599908236063333,-1.4290205155886286
SEQ_210,0,0.060233089242729534,0.9397669107572705,-1.5668037336338707,-1.5668037336338707,-1.520003852131879
SEQ_211,1,0.8954791711658358,0.8954791711658358,1.3226372950370728,1.3226372950370728,0.9412247153293752
SEQ_212,1,0.8954791711658358,0.8954791711658358,1.3226372950370728,1.3226372950370728,0.9412247153293752
SEQ_213,1,0.9350948393873798,0.9350948393873798,1.629591650054211,1.629591650054211,1.202688721681609
SEQ_214,1,0.7605072969937496,0.7605072969937496,0.7375908669642225,0.7375908669642225,0.4428816213620306
SEQ_215,1,0.8515169274127897,0.8515169274127897,1.0860647806522188,1.0860647806522188,0.7397120265765741
SEQ_216,1,0.9031995130819267,0.9031995130819267,1.3729756868737835,1.3729756868737835,0.9841030045206788
SEQ_217,1,0.5547239155849494,0.5547239155849494,0.184961104207504,0.184961104207504,-0.02784892680624215
SEQ_218,1,0.683943657607817,0.683943657607817,0.5111752231251089,0.5111752231251089,0.25002056442837084
SEQ_219,1,0.688242142248695,0.688242142248695,0.5229597121617712,0.5229597121617712,0.26005860319855756
SEQ_22,0,0.14335016152898067,0.8566498384710193,-1.0001754258360513,-1.0001754258360513,-1.0373493302205263
SEQ_220,1,0.8947667050015224,0.8947667050015224,1.318160713033767,1.318160713033767,0.9374115585970547
SEQ_221,1,0.8814683932333716,0.8814683932333716,1.2391656588707054,1.2391656588707054,0.8701234976658698
SEQ_222,1,0.9470761528256996,0.9470761528256996,1.757760358956368,1.757760358956368,1.3118629476562822
SEQ_223,1,0.8954791711658358,0.8954791711658358,1.3226372950370728,1.3226372950370728,0.9412247153293752
SEQ_224,1,0.9497503701245824,0.9497503701245824,1.7900825647941718,1.7900825647941718,1.339395032783473
SEQ_225,1,0.8784575415806171,0.8784575415806171,1.22236472015042,1.22236472015042,0.8558124423689384
SEQ_226,1,0.5815824436798573,0.5815824436798573,0.24886407525038712,0.24886407525038712,0.026583683624550145
SEQ_227,1,0.9460714163583238,0.9460714163583238,1.74601407986568,1.74601407986568,1.3018574561537712
SEQ_228,1,0.5815824436798573,0.5815824436798573,0.24886407525038712,0.24886407525038712,0.026583683624550145
SEQ_229,0,0.14337968754803715,0.8566203124519629,-1.0000334735358152,-1.0000334735358152,-1.0372284151185769
SEQ_23,1,0.9550328564435295,0.9550328564435295,1.8590282401941334,1.8590282401941334,1.3981230234963855
SEQ_230,1,0.6121258754121488,0.6121258754121488,0.32143363475176867,0.32143363475176867,0.088398502200389
SEQ_231,1,0.8819642344621338,0.8819642344621338,1.241968037073764,1.241968037073764,0.8725105660371427
SEQ_232,1,0.893921737793532,0.893921737793532,1.312886370528569,1.312886370528569,0.9329188687239759
SEQ_233,1,0.90634229761212,0.90634229761212,1.394505421961771,1.394505421961771,1.0024420529811353
SEQ_234,1,0.7605072969937496,0.7605072969937496,0.7375908669642225,0.7375908669642225,0.4428816213620306
SEQ_235,1,0.8857474465673356,0.8857474465673356,1.2636949091484921,1.2636949091484921,0.8910175359670651
SEQ_236,1,0.67028971183956,0.67028971183956,0.47429673139625594,0.47429673139625594,0.21860743072282285
SEQ_237,1,0.9668475588723456,0.9668475588723456,2.0464811218406243,2.0464811218406243,1.5577955631963878
SEQ_238,1,0.7561790927526282,0.7561790927526282,0.723650124219584,0.723650124219584,0.4310068836690745
SEQ_239,0,0.1380711863458295,0.8619288136541705,-1.025956636886975,-1.025956636886975,-1.059309789877828
SEQ_24,1,0.9472289964294061,0.9472289964294061,1.7595656615863153,1.7595656615863153,1.3134007061229374
SEQ_240,1,0.9298948360833718,0.9298948360833718,1.5807443221866775,1.5807443221866775,1.1610805221721627
SEQ_241,1,0.7723122474472806,0.7723122474472806,0.7765134099182719,0.7765134099182719,0.4760358798106995
SEQ_242,1,0.9505275470797533,0.9505275470797533,1.7997815822946777,1.7997815822946777,1.3476566649509694
SEQ_243,1,0.8710952185988142,0.8710952185988142,1.1827499488619102,1.1827499488619102,0.8220685431783148
SEQ_244,0,0.37222773319625313,0.6277722668037469,-0.2568118747188483,-0.2568118747188483,-0.40415156294833515
SEQ_245,1,0.8610749395149415,0.8610749395149415,1.131831836684694,1.131831836684694,0.778696447659409
SEQ_246,1,0.7312874337876756,0.7312874337876756,0.6465053640962176,0.6465053640962176,0.36529490492939765
SEQ_247,1,0.9173763773100112,0.9173763773100112,1.475664031558492,1.475664031558492,1.0715730324518475
SEQ_248,1,0.8954791711658358,0.8954791711658358,1.3226372950370728,1.3226372950370728,0.9412247153293752
SEQ_249,1,0.8954791711658358,0.8954791711658358,1.3226372950370728,1.3226372950370728,0.9412247153293752
SEQ_25,1,0.9598090464486547,0.9598090464486547,1.9283607235802225,1.9283607235802225,1.4571804976132274
SEQ_250,1,0.8954791711658358,0.8954791711658358,1.3226372950370728,1.3226372950370728,0.9412247153293752
SEQ_251,1,0.7812415000532197,0.7812415000532197,0.806902631354205,0.806902631354205,0.5019214470186338
SEQ_252,1,0.7812415000532197,0.7812415000532197,0.806902631354205,0.806902631354205,0.5019214470186338
SEQ_253,1,0.9055167391621645,0.9055167391621645,1.3887876109600379,1.3887876109600379,0.9975716162284314
SEQ_254,1,0.8954791711658358,0.8954791711658358,1.3226372950370728,1.3226372950370728,0.9412247153293752
SEQ_255,1,0.9031995130819267,0.9031995130819267,1.3729756868737835,1.3729756868737835,0.9841030045206788
SEQ_256,1,0.5474806439483489,0.5474806439483489,0.16775430952703863,0.16775430952703863,-0.042505690589194796
SEQ_257,1,0.8954791711658358,0.8954791711658358,1.3226372950370728,1.3226372950370728,0.9412247153293752
SEQ_258,1,0.8954791711658358,0.8954791711658358,1.3226372950370728,1.3226372950370728,0.9412247153293752
SEQ_259,0,0.13227354205753558,0.8677264579424644,-1.055243163643055,-1.055243163643055,-1.0842560807273554
SEQ_26,1,0.8986306588744647,0.8986306588744647,1.3427706015014835,1.3427706015014835,0.9583742845837623
SEQ_260,1,0.8954791711658358,0.8954791711658358,1.3226372950370728,1.3226372950370728,0.9412247153293752
SEQ_261,0,0.0817500331836003,0.9182499668163997,-1.3727810781211893,-1.3727810781211893,-1.3547351729153467
SEQ_262,1,0.9049854708491011,0.9049854708491011,1.3851318235264767,1.3851318235264767,0.9944576130773841
SEQ_263,1,0.95765909282718,0.95765909282718,1.8962284368129878,1.8962284368129878,1.429810185727765
SEQ_264,1,0.9550328564435295,0.9550328564435295,1.8590282401941334,1.8590282401941334,1.3981230234963855
SEQ_265,1,0.8924757641602302,0.8924757641602302,1.3039463671296039,1.3039463671296039,0.9253037654772229
SEQ_266,1,0.9263163588924297,0.9263163588924297,1.5490459354187598,1.5490459354187598,1.1340798067114564
SEQ_267,1,0.9292460335977158,0.9292460335977158,1.574887635645711,1.574887635645711,1.156091791105406
SEQ_268,1,0.8954791711658358,0.8954791711658358,1.3226372950370728,1.3226372950370728,0.9412247153293752
SEQ_269,1,0.8954791711658358,0.8954791711658358,1.3226372950370728,1.3226372950370728,0.9412247153293752
SEQ_27,1,0.9469604556426097,0.9469604556426097,1.756397080136272,1.756397080136272,1.3107017054837855
SEQ_270,1,0.9341652669367502,0.9341652669367502,1.6205982766083915,1.6205982766083915,1.1950281577790884
SEQ_271,0,0.0817500331836003,0.9182499668163997,-1.3727810781211893,-1.3727810781211893,-1.3547351729153467
SEQ_272,0,0.06775233967707098,0.932247660322929,-1.4926027433635918,-1.4926027433635918,-1.4567993793030538
SEQ_273,1,0.6410107023645326,0.6410107023645326,0.38949660934619657,0.38949660934619657,0.14637460754255235
SEQ_274,1,0.5063168697067386,0.5063168697067386,0.0703008683196682,0.0703008683196682,-0.12551662284805876
SEQ_275,1,0.5063168697067386,0.5063168697067386,0.0703008683196682,0.0703008683196682,-0.12551662284805876
SEQ_276,1,0.5063168697067386,0.5063168697067386,0.0703008683196682,0.0703008683196682,-0.12551662284805876
SEQ_277,1,0.7292413367212274,0.7292413367212274,0.640372725128518,0.640372725128518,0.36007111732776204
SEQ_278,0,0.3129658447576137,0.6870341552423863,-0.4088770399908021,-0.4088770399908021,-0.5336808127822386
SEQ_279,1,0.6314126034560152,0.6314126034560152,0.3669686590543363,0.3669686590543363,0.1271852784389308
SEQ_28,0,0.09929080543716072,0.9007091945628393,-1.2466194462138447,-1.2466194462138447,-1.2472705769998127
SEQ_280,1,0.6314126034560152,0.6314126034560152,0.3669686590543363,0.3669686590543363,0.1271852784389308
SEQ_281,1,0.5663783683148291,0.5663783683148291,0.21267725762339162,0.21267725762339162,-0.004240281434892017
SEQ_282,1,0.6314126034560152,0.6314126034560152,0.3669686590543363,0.3669686590543363,0.1271852784389308
SEQ_283,0,0.2907538667002042,0.7092461332997958,-0.47113061595742967,-0.47113061595742967,-0.5867084669462551
SEQ_284,1,0.6314126034560152,0.6314126034560152,0.3669686590543363,0.3669686590543363,0.1271852784389308
SEQ_285,0,0.23721172609032992,0.7627882739096701,-0.6342710703047185,-0.6342710703047185,-0.7256716583607711
SEQ_286,0,0.2767305646548026,0.7232694353451974,-0.5118781758886831,-0.5118781758886831,-0.621417276560989
SEQ_287,0,0.2929953240082402,0.7070046759917599,-0.46472733099992436,-0.46472733099992436,-0.5812541428376727
SEQ_288,0,0.3078051078827107,0.6921948921172894,-0.4231130553387218,-0.4231130553387218,-0.5458070639545054
SEQ_289,0,0.3129658447576137,0.6870341552423863,-0.4088770399908021,-0.4088770399908021,-0.5336808127822386
SEQ_29,1,0.7728860941423469,0.7728860941423469,0.7784408548417939,0.7784408548417939,0.47767767919712356
SEQ_290,0,0.23721172609032992,0.7627882739096701,-0.6342710703047185,-0.6342710703047185,-0.7256716583607711
SEQ_291,0,0.4515177203545545,0.5484822796454455,-0.059577136635676986,-0.059577136635676986,-0.236146828797617
SEQ_292,0,0.4073392727223448,0.5926607272776552,-0.16712890467106223,-0.16712890467106223,-0.32775952528217367
SEQ_293,0,0.4073601464419887,0.5926398535580113,-0.167076921688587,-0.167076921688587,-0.32771524612914016
SEQ_294,1,0.9662692038641998,0.9662692038641998,2.035905378147399,2.035905378147399,1.5487871348389186
SEQ_295,1,0.8192434251844639,0.8192434251844639,0.9474311590625194,0.9474311590625194,0.6216237781986077
SEQ_296,1,0.9069581147171641,0.9069581147171641,1.3988002557749093,1.3988002557749093,1.0061003964352866
SEQ_297,0,0.4534517584156984,0.5465482415843016,-0.054954076672660945,-0.054954076672660945,-0.23220890200237965
SEQ_298,1,0.7406546585683713,0.7406546585683713,0.6749668898359972,0.6749668898359972,0.38953845914254603
SEQ_299,0,0.1604746242339423,0.8395253757660577,-0.9216242699539513,-0.9216242699539513,-0.9704393822597422
SEQ_3,0,0.14838162692789933,0.8516183730721006,-0.9763287387326743,-0.9763287387326743,-1.0170366998689255
SEQ_30,0,0.07383348342147891,0.9261665165785211,-1.437988286973118,-1.437988286973118,-1.4102787343302685
SEQ_300,0,0.15421374067944468,0.8457862593205553,-0.949508606781731,-0.949508606781731,-0.9941912864184546
SEQ_301,0,0.1302290567135371,0.8697709432864629,-1.0658300854011546,-1.0658300854011546,-1.0932740305709268
SEQ_302,0,0.18885405295751118,0.8111459470424889,-0.8051727742205746,-0.8051727742205746,-0.8712458894081464
SEQ_303,0,0.17840598279896464,0.8215940172010354,-0.8463332519237093,-0.8463332519237093,-0.9063064227667056
SEQ_304,1,0.7014308648968567,0.7014308648968567,0.5596888352573853,0.5596888352573853,0.29134450456277655
SEQ_305,1,0.6555395546652002,0.6555395546652002,0.4353180141124676,0.4353180141124676,0.18540532292760578
SEQ_306,0,0.18952641857696378,0.8104735814230362,-0.8025847600869904,-0.8025847600869904,-0.8690414165515051
SEQ_307,1,0.9684908026205477,0.9684908026205477,2.0775306153594535,2.0775306153594535,1.5842435507813417
SEQ_308,1,0.762655004484968,0.762655004484968,0.744572145298731,0.744572145298731,0.44882828076909037
SEQ_309,1,0.8192434251844639,0.8192434251844639,0.9474311590625194,0.9474311590625194,0.6216237781986077
SEQ_31,1,0.8470330325367019,0.8470330325367019,1.0654309398677966,1.0654309398677966,0.7221361017208152
SEQ_310,0,0.11735926569614283,0.8826407343038571,-1.1359408884592772,-1.1359408884592772,-1.1529944781114925
SEQ_311,1,0.9084509327629373,0.9084509327629373,1.409319021548968,1.409319021548968,1.0150602909479824
SEQ_312,1,0.9461544523483215,0.9461544523483215,1.7469769830799349,1.7469769830799349,1.302677658011192
SEQ_313,0,0.08749584782851771,0.9125041521714823,-1.328969163947305,-1.328969163947305,-1.3174161434941012
SEQ_314,0,0.06976481312960336,0.9302351868703966,-1.4740441049708655,-1.4740441049708655,-1.4409911137831408
SEQ_315,0,0.15106297500118665,0.8489370249988133,-0.9638924028683231,-0.9638924028683231,-1.0064434173619754
SEQ_316,1,0.9375494118954011,0.9375494118954011,1.6539295844083588,1.6539295844083588,1.2234197969003262
SEQ_317,1,0.5884023191646724,0.5884023191646724,0.2650935406566902,0.2650935406566902,0.04040795741877622
SEQ_318,1,0.9598090464486547,0.9598090464486547,1.9283607235802225,1.9283607235802225,1.4571804976132274
SEQ_319,0,0.038552280114418934,0.9614477198855811,-1.8628622594022288,-1.8628622594022288,-1.7721867809514065
SEQ_32,0,0.028272096262546537,0.9717279037374534,-2.0478296681687924,-2.0478296681687924,-1.9297421925304237
SEQ_320,0,0.036602512618029194,0.9633974873819708,-1.8938958826616021,-1.8938958826616021,-1.7986212502345302
SEQ_321,1,0.9331456777412298,0.9331456777412298,1.610869041628213,1.610869041628213,1.1867407863341783
SEQ_322,1,0.8893805655964685,0.8893805655964685,1.2851618585609055,1.2851618585609055,0.9093031035304148
SEQ_323,0,0.32082420827395164,0.6791757917260484,-0.3874420684635522,-0.3874420684635522,-0.515422484011344
SEQ_324,1,0.5930633141350835,0.5930633141350835,0.27618029617757744,0.27618029617757744,0.049851666128421575
SEQ_325,1,0.5930633141350835,0.5930633141350835,0.27618029617757744,0.27618029617757744,0.049851666128421575
SEQ_326,1,0.7489687049742669,0.7489687049742669,0.7007913908886508,0.7007913908886508,0.4115357932637619
SEQ_327,0,0.3167733165917854,0.6832266834082146,-0.3984559372189286,-0.3984559372189286,-0.5248041077060382
SEQ_328,1,0.7489687049742669,0.7489687049742669,0.7007913908886508,0.7007913908886508,0.4115357932637619
SEQ_329,1,0.5497595553443296,0.5497595553443296,0.17316617065726403,0.17316617065726403,-0.037895862222851344
SEQ_33,0,0.18529149445745494,0.814708505542545,-0.8190049002927494,-0.8190049002927494,-0.8830281073180309
SEQ_330,1,0.7489687049742669,0.7489687049742669,0.7007913908886508,0.7007913908886508,0.4115357932637619
SEQ_331,1,0.5497595553443296,0.5497595553443296,0.17316617065726403,0.17316617065726403,-0.037895862222851344
SEQ_332,1,0.7489687049742669,0.7489687049742669,0.7007913908886508,0.7007913908886508,0.4115357932637619
SEQ_333,1,0.9546915640346559,0.9546915640346559,1.8543467755631347,1.8543467755631347,1.3941353475504006
SEQ_334,1,0.5474806439483489,0.5474806439483489,0.16775430952703863,0.16775430952703863,-0.042505690589194796
SEQ_335,0,0.06379488408338835,0.9362051159166116,-1.5306401606909423,-1.5306401606909423,-1.4891996869160398
SEQ_336,1,0.9598090464486547,0.9598090464486547,1.9283607235802225,1.9283607235802225,1.4571804976132274
SEQ_337,1,0.72455404210824,0.72455404210824,0.6264323003445594,0.6264323003445594,0.34819665047401027
SEQ_338,1,0.943475526757968,0.943475526757968,1.7165952696589373,1.7165952696589373,1.2767984861373938
SEQ_339,1,0.8010361662386912,0.8010361662386912,0.877605399735898,0.877605399735898,0.562146131174815
SEQ_34,0,0.14334623674196853,0.8566537632580314,-1.0001942968753945,-1.0001942968753945,-1.0373654045894676
SEQ_340,1,0.9598090464486547,0.9598090464486547,1.9283607235802225,1.9283607235802225,1.4571804976132274
SEQ_341,1,0.9598090464486547,0.9598090464486547,1.9283607235802225,1.9283607235802225,1.4571804976132274
SEQ_342,1,0.9550328564435295,0.9550328564435295,1.8590282401941334,1.8590282401941334,1.3981230234963855
SEQ_343,1,0.9550328564435295,0.9550328564435295,1.8590282401941334,1.8590282401941334,1.3981230234963855
SEQ_344,1,0.9550328564435295,0.9550328564435295,1.8590282401941334,1.8590282401941334,1.3981230234963855
SEQ_345,1,0.9598090464486547,0.9598090464486547,1.9283607235802225,1.9283607235802225,1.4571804976132274
SEQ_346,1,0.9579690573548942,0.9579690573548942,1.9007634721975077,1.9007634721975077,1.4336731331048091
SEQ_347,1,0.9550328564435295,0.9550328564435295,1.8590282401941334,1.8590282401941334,1.3981230234963855
SEQ_348,1,0.9598090464486547,0.9598090464486547,1.9283607235802225,1.9283607235802225,1.4571804976132274
SEQ_349,1,0.9550328564435295,0.9550328564435295,1.8590282401941334,1.8590282401941334,1.3981230234963855
SEQ_35,1,0.8055884726366654,0.8055884726366654,0.8945944956843991,0.8945944956843991,0.5766174589745121
SEQ_350,1,0.9550328564435295,0.9550328564435295,1.8590282401941334,1.8590282401941334,1.3981230234963855
SEQ_351,1,0.9598090464486547,0.9598090464486547,1.9283607235802225,1.9283607235802225,1.4571804976132274
SEQ_352,1,0.9550328564435295,0.9550328564435295,1.8590282401941334,1.8590282401941334,1.3981230234963855
SEQ_353,1,0.9598090464486547,0.9598090464486547,1.9283607235802225,1.9283607235802225,1.4571804976132274
SEQ_354,1,0.9589526395604839,0.9589526395604839,1.9153687104572246,1.9153687104572246,1.446113888698263
SEQ_355,1,0.5724245361657198,0.5724245361657198,0.2270659523625912,0.2270659523625912,0.008016022185496028
SEQ_356,0,0.06379488408338835,0.9362051159166116,-1.5306401606909423,-1.5306401606909423,-1.4891996869160398
SEQ_357,1,0.5,0.5,0.0585339062305027,0.0585339062305027,-0.1355397321479945
SEQ_358,1,0.6620669128675085,0.6620669128675085,0.45246403343891217,0.45246403343891217,0.20001031820722878
SEQ_359,0,0.4748824723585693,0.5251175276414307,-0.003997681136131415,-0.003997681136131415,-0.18880419668224757
SEQ_36,1,0.9715062501764131,0.9715062501764131,2.1388169697136865,2.1388169697136865,1.6364473246723679
SEQ_360,1,0.5228335730082062,0.5228335730082062,0.10934086672601528,0.10934086672601528,-0.09226231573539892
SEQ_361,0,0.14335016152898067,0.8566498384710193,-1.0001754258360513,-1.0001754258360513,-1.0373493302205263
SEQ_362,0,0.10352845063593313,0.8964715493640669,-1.219158465889164,-1.219158465889164,-1.2238792883059286
SEQ_363,1,0.49230499962468893,0.5076950003753111,0.03720584995475151,0.03720584995475151,-0.15370699040778513
SEQ_364,0,0.07326135052761454,0.9267386494723855,-1.4429460347626426,-1.4429460347626426,-1.4145017485287823
SEQ_365,0,0.06817393318111002,0.93182606681889,-1.48867299309412,-1.48867299309412,-1.4534520143524492
SEQ_366,0,0.07503876259056569,0.9249612374094343,-1.4276587137979608,-1.4276587137979608,-1.4014799942500558
SEQ_367,0,0.2450244442709029,0.7549755557290971,-0.6090591253073874,-0.6090591253073874,-0.7041961000597126
SEQ_368,0,0.27821684271682107,0.721783157283179,-0.507500910753447,-0.507500910753447,-0.6176887180296696
SEQ_369,0,0.14966383666393102,0.850336163336069,-0.970358833273983,-0.970358833273983,-1.0119515288222847
SEQ_37,1,0.9155860980438305,0.9155860980438305,1.4618497977458333,1.4618497977458333,1.0598060551853334
SEQ_370,1,0.5051294127401459,0.5051294127401459,0.06749602157641832,0.06749602157641832,-0.1279057939241726
SEQ_371,1,0.8842822099756062,0.8842822099756062,1.255206505046559,1.255206505046559,0.883787105423396
SEQ_372,1,0.8819482601517449,0.8819482601517449,1.2418775942526201,1.2418775942526201,0.8724335267576031
SEQ_373,0,0.46932383951346446,0.5306761604865355,-0.01717553075348377,-0.01717553075348377,-0.20002910129670667
SEQ_374,0,0.07503876259056569,0.9249612374094343,-1.4276587137979608,-1.4276587137979608,-1.4014799942500558
SEQ_375,0,0.07503876259056569,0.9249612374094343,-1.4276587137979608,-1.4276587137979608,-1.4014799942500558
SEQ_376,0,0.343624719220027,0.656375280779973,-0.3339633216255067,-0.3339633216255067,-0.4698692374962668
SEQ_377,1,0.6156102037352958,0.6156102037352958,0.32968253797624636,0.32968253797624636,0.0954249256729062
SEQ_378,1,0.5191245750934127,0.5191245750934127,0.1005683310283988,0.1005683310283988,-0.09973476983769934
SEQ_379,1,0.5191245750934127,0.5191245750934127,0.1005683310283988,0.1005683310283988,-0.09973476983769934
SEQ_38,0,0.20504406478190498,0.794955935218095,-0.7447044051939885,-0.7447044051939885,-0.8197388761833502
SEQ_380,0,0.07180715651528503,0.928192843484715,-1.4557095692199307,-1.4557095692199307,-1.4253737391028565
SEQ_381,1,0.5191245750934127,0.5191245750934127,0.1005683310283988,0.1005683310283988,-0.09973476983769934
SEQ_382,1,0.5191245750934127,0.5191245750934127,0.1005683310283988,0.1005683310283988,-0.09973476983769934
SEQ_383,1,0.5191245750934127,0.5191245750934127,0.1005683310283988,0.1005683310283988,-0.09973476983769934
SEQ_384,1,0.5191245750934127,0.5191245750934127,0.1005683310283988,0.1005683310283988,-0.09973476983769934
SEQ_385,0,0.0741981986247078,0.9258018013752922,-1.4348463133344451,-1.4348463133344451,-1.4076023982496983
SEQ_386,0,0.07180715651528503,0.928192843484715,-1.4557095692199307,-1.4557095692199307,-1.4253737391028565
SEQ_387,0,0.08297679603657812,0.9170232039634219,-1.3631972547260651,-1.3631972547260651,-1.3465716631944258
SEQ_388,0,0.1430728758704499,0.8569271241295501,-1.0015097220356342,-1.0015097220356342,-1.038485884969795
SEQ_389,0,0.1434052703825553,0.8565947296174448,-0.9999104985705853,-0.9999104985705853,-1.0371236649283142
SEQ_39,0,0.1492055788463314,0.8507944211536687,-0.9724875978216614,-0.9724875978216614,-1.0137648124526326
SEQ_390,0,0.07171957327861053,0.9282804267213894,-1.4564858801327047,-1.4564858801327047,-1.4260350014635665
SEQ_391,1,0.5191245750934127,0.5191245750934127,0.1005683310283988,0.1005683310283988,-0.09973476983769934
SEQ_392,0,0.10669604687776806,0.893303953122232,-1.1992740482826063,-1.1992740482826063,-1.206941722813166
SEQ_393,0,0.07503876259056569,0.9249612374094343,-1.4276587137979608,-1.4276587137979608,-1.4014799942500558
SEQ_394,0,0.1836767343226703,0.8163232656773297,-0.8253420972071126,-0.8253420972071126,-0.8884261375697273
SEQ_395,0,0.12597988039733554,0.8740201196026645,-1.0882940593123387,-1.0882940593123387,-1.1124088645337233
SEQ_396,0,0.07503876259056569,0.9249612374094343,-1.4276587137979608,-1.4276587137979608,-1.4014799942500558
SEQ_397,0,0.07647414622155689,0.9235258537784431,-1.4155541265918075,-1.4155541265918075,-1.3911692955600692
SEQ_398,0,0.07503876259056569,0.9249612374094343,-1.4276587137979608,-1.4276587137979608,-1.4014799942500558
SEQ_399,0,0.07503876259056569,0.9249612374094343,-1.4276587137979608,-1.4276587137979608,-1.4014799942500558
SEQ_4,0,0.338929804651266,0.661070195348734,-0.3470431112415656,-0.3470431112415656,-0.48101061451001903
SEQ_40,1,0.8821380664204862,0.8821380664204862,1.2429529234627275,1.2429529234627275,0.8733494931833166
SEQ_400,0,0.07180715651528503,0.928192843484715,-1.4557095692199307,-1.4557095692199307,-1.4253737391028565
SEQ_401,0,0.19046616101192318,0.8095338389880768,-0.7989793396185656,-0.7989793396185656,-0.8659703160284125
SEQ_402,1,0.5191245750934127,0.5191245750934127,0.1005683310283988,0.1005683310283988,-0.09973476983769934
SEQ_403,0,0.0844423277792628,0.9155576722207373,-1.3519155943740242,-1.3519155943740242,-1.3369619343675287
SEQ_404,0,0.12651456864449878,0.8734854313555012,-1.0854320800480157,-1.0854320800480157,-1.1099710279227877
SEQ_405,1,0.5362876193308002,0.5362876193308002,0.14120003272094728,0.14120003272094728,-0.06512464837892608
SEQ_406,0,0.18296082707101025,0.8170391729289898,-0.8281655201640377,-0.8281655201640377,-0.890831131882003
SEQ_407,0,0.22098775012675717,0.7790122498732428,-0.6885282040003228,-0.6885282040003228,-0.7718879355282652
SEQ_408,0,0.206201993553613,0.793798006446387,-0.7405187526797011,-0.7405187526797011,-0.8161735334615544
SEQ_409,1,0.9530583983368907,0.9530583983368907,1.8323993247876085,1.8323993247876085,1.3754404884770797
SEQ_41,1,0.8821380664204862,0.8821380664204862,1.2429529234627275,1.2429529234627275,0.8733494931833166
SEQ_410,0,0.039952437086051534,0.9600475629139484,-1.8415066031178586,-1.8415066031178586,-1.753996012978491
SEQ_411,0,0.18400817192943394,0.815991828070566,-0.8240378487042649,-0.8240378487042649,-0.887315177476607
SEQ_412,0,0.12278654190652505,0.877213458093475,-1.1056067950358042,-1.1056067950358042,-1.1271558689960708
SEQ_413,1,0.6387921512756861,0.6387921512756861,0.38429826557919433,0.38429826557919433,0.14194665346566468
SEQ_414,1,0.6072215258883781,0.6072215258883781,0.3098091239678247,0.3098091239678247,0.07849673305531515
SEQ_415,0,0.2889491545262327,0.7110508454737673,-0.476307417550382,-0.476307417550382,-0.591118071379163
SEQ_416,0,0.13084735246460663,0.8691526475353933,-1.0626135774070045,-1.0626135774070045,-1.090534206056733
SEQ_417,0,0.08491426579393987,0.9150857342060601,-1.348320453309963,-1.348320453309963,-1.3338995898506758
SEQ_418,1,0.9061137184013978,0.9061137184013978,1.3929177476295305,1.3929177476295305,1.0010896705017696
SEQ_419,0,0.03495059022827513,0.9650494097717248,-1.921479776295452,-1.921479776295452,-1.8221172365999871
SEQ_42,1,0.8800745443911643,0.8800745443911643,1.2313422594839398,1.2313422594839398,0.8634595187598103
SEQ_420,1,0.7163197491121931,0.7163197491121931,0.6022927968193011,0.6022927968193011,0.3276345988207099
SEQ_421,0,0.24644557630547415,0.7535544236945259,-0.6045319981932697,-0.6045319981932697,-0.7003398889547848
SEQ_422,1,0.8439812291509572,0.8439812291509572,1.051668928317468,1.051668928317468,0.7104136074261383
SEQ_423,0,0.1349948274962453,0.8650051725037546,-1.0413646109690593,-1.0413646109690593,-1.0724343165946693
SEQ_424,0,0.04679448652374021,0.9532055134762598,-1.7466093279744035,-1.7466093279744035,-1.6731624253607729
SEQ_425,0,0.06467705082067056,0.9353229491793295,-1.5219747572670999,-1.5219747572670999,-1.4818184881846201
SEQ_426,0,0.18078965525055396,0.8192103447494461,-0.8367810806793119,-0.8367810806793119,-0.8981698743773423
SEQ_427,0,0.16984687084101666,0.8301531291589833,-0.8814813004543006,-0.8814813004543006,-0.93624556333944
SEQ_428,1,0.8954791711658358,0.8954791711658358,1.3226372950370728,1.3226372950370728,0.9412247153293752
SEQ_429,0,0.2552147895445276,0.7447852104554724,-0.5769761923501572,-0.5769761923501572,-0.6768678277957169
SEQ_43,1,0.8826484950029909,0.8826484950029909,1.2458522161128376,1.2458522161128376,0.8758191133711228
SEQ_430,0,0.3052497410511196,0.6947502589488803,-0.43021101535223427,-0.43021101535223427,-0.5518531129247418
SEQ_431,0,0.0810177412197862,0.9189822587802138,-1.3785645732445335,-1.3785645732445335,-1.3596615594641994
SEQ_432,1,0.9084509327629373,0.9084509327629373,1.409319021548968,1.409319021548968,1.0150602909479824
SEQ_433,0,0.11136622575025139,0.8886337742497487,-1.170884714294495,-1.170884714294495,-1.1827596616015281
SEQ_434,0,0.16367124974899747,0.8363287502510025,-0.9077258902423104,-0.9077258902423104,-0.9586007294378681
SEQ_435,0,0.3540796985098187,0.6459203014901813,-0.3052734623510562,-0.3052734623510562,-0.4454311885649825
SEQ_436,0,0.13627791432331704,0.863722085676683,-1.034902681857889,-1.034902681857889,-1.0669300393412111
SEQ_437,0,0.10037933572270098,0.899620664277299,-1.239467656958622,-1.239467656958622,-1.2411786762312018
SEQ_438,0,0.14343241851319427,0.8565675814868057,-0.9997800193061471,-0.9997800193061471,-1.0370125225689755
SEQ_439,1,0.8837466258268494,0.8837466258268494,1.2521272249619937,1.2521272249619937,0.8811641717707812
SEQ_44,1,0.8821380664204862,0.8821380664204862,1.2429529234627275,1.2429529234627275,0.8733494931833166
SEQ_440,0,0.06201092050464967,0.9379890794953504,-1.5485105643817865,-1.5485105643817865,-1.504421713473959
SEQ_441,0,0.1313070033290778,0.8686929966709223,-1.0602307312542865,-1.0602307312542865,-1.088504495477856
SEQ_442,0,0.2986809137818975,0.7013190862181025,-0.4486121145778473,-0.4486121145778473,-0.5675271864349388
SEQ_443,0,0.05731746904953422,0.9426825309504658,-1.6240085578514198,-1.6240085578514198,-1.5687309748396203
SEQ_444,0,0.23441189343646007,0.7655881065635399,-0.6434448595315501,-0.6434448595315501,-0.7334859005940974
SEQ_445,0,0.24644557630547415,0.7535544236945259,-0.6045319981932697,-0.6045319981932697,-0.7003398889547848
SEQ_446,0,0.0581341670107216,0.9418658329892784,-1.6154133337160923,-1.6154133337160923,-1.5614095548917173
SEQ_447,0,0.18586439155929116,0.8141356084407089,-0.8167668009355352,-0.8167668009355352,-0.8811216921947828
SEQ_448,0,0.17557418912955775,0.8244258108704423,-0.8578119673273906,-0.8578119673273906,-0.9160840032706734
SEQ_449,1,0.7858473662170004,0.7858473662170004,0.8229246980212098,0.8229246980212098,0.5155690583729792
SEQ_45,1,0.8821380664204862,0.8821380664204862,1.2429529234627275,1.2429529234627275,0.8733494931833166
SEQ_450,1,0.9496958043910649,0.9496958043910649,1.789406944542061,1.789406944542061,1.3388195388215784
SEQ_451,1,0.9146474870005938,0.9146474870005938,1.454713773887912,1.454713773887912,1.0537275833968713
SEQ_452,1,0.9648253208026571,0.9648253208026571,2.0102468988313413,2.0102468988313413,1.5269312181880283
SEQ_453,0,0.1135598370016993,0.8864401629983008,-1.1579084060485005,-1.1579084060485005,-1.1717064301154665
SEQ_454,1,0.9496958043910649,0.9496958043910649,1.789406944542061,1.789406944542061,1.3388195388215784
SEQ_455,1,0.9366706418755342,0.9366706418755342,1.6451152351872294,1.6451152351872294,1.2159117259996364
SEQ_456,1,0.893921737793532,0.893921737793532,1.312886370528569,1.312886370528569,0.9329188687239759
SEQ_457,1,0.9306844760015563,0.9306844760015563,1.5879405348272577,1.5879405348272577,1.1672102628219205
SEQ_458,0,0.06516750360139462,0.9348324963986054,-1.517204585714951,-1.517204585714951,-1.4777552516003318
SEQ_459,1,0.573561027071503,0.573561027071503,0.22977099105422705,0.22977099105422705,0.010320176670007009
SEQ_46,1,0.5835682077838139,0.5835682077838139,0.2535902932897677,0.2535902932897677,0.030609480565602323
SEQ_460,0,0.2578485371028883,0.7421514628971118,-0.5688225500922678,-0.5688225500922678,-0.6699225477035299
SEQ_461,1,0.6970874348773085,0.6970874348773085,0.5474939267414004,0.5474939267414004,0.28095687009669973
SEQ_462,0,0.33070197441271576,0.6692980255872842,-0.370270693274558,-0.370270693274558,-0.5007958905843145
SEQ_463,1,0.573561027071503,0.573561027071503,0.22977099105422705,0.22977099105422705,0.010320176670007009
SEQ_464,1,0.9064202206917996,0.9064202206917996,1.395047462291867,1.395047462291867,1.0029037634406708
SEQ_465,1,0.9473361950404519,0.9473361950404519,1.760834780184806,1.760834780184806,1.3144817425307087
SEQ_466,1,0.5191245750934127,0.5191245750934127,0.1005683310283988,0.1005683310283988,-0.09973476983769934
SEQ_467,1,0.9256042673871744,0.9256042673871744,1.542908458482123,1.542908458482123,1.1288518981233608
SEQ_468,1,0.7982590978504,0.7982590978504,0.8673834858851704,0.8673834858851704,0.5534390954077238
SEQ_469,1,0.6596443101633945,0.6596443101633945,0.4460818561119161,0.4460818561119161,0.19457397359803233
SEQ_47,1,0.8750707675330331,0.8750707675330331,1.2038917343397073,1.2038917343397073,0.8400771357983988
SEQ_470,1,0.7511925205871486,0.7511925205871486,0.7077941511121576,0.7077941511121576,0.41750075096393824
SEQ_471,1,0.6605531233460881,0.6605531233460881,0.44847346215699335,0.44847346215699335,0.19661114586140424
SEQ_472,1,0.8192434251844639,0.8192434251844639,0.9474311590625194,0.9474311590625194,0.6216237781986077
SEQ_473,1,0.6255452893221429,0.6255452893221429,0.3531507646215276,0.3531507646215276,0.11541518305275304
SEQ_474,1,0.8610749395149415,0.8610749395149415,1.131831836684694,1.131831836684694,0.778696447659409
SEQ_475,1,0.492000788163692,0.5079992118363079,0.03648718582348576,0.03648718582348576,-0.1543191491861543
SEQ_476,1,0.8748065876757509,0.8748065876757509,1.2024690267702836,1.2024690267702836,0.8388652721617079
SEQ_477,1,0.7956454018024176,0.7956454018024176,0.857857773044972,0.857857773044972,0.5453250843117741
SEQ_478,1,0.8514423444966757,0.8514423444966757,1.0857173976405017,1.0857173976405017,0.7394161254026774
SEQ_479,1,0.7636969053268943,0.7636969053268943,0.7479745060267425,0.7479745060267425,0.451726414815606
SEQ_48,1,0.8821380664204862,0.8821380664204862,1.2429529234627275,1.2429529234627275,0.8733494931833166
SEQ_480,1,0.7945707807629052,0.7945707807629052,0.8539673516448011,0.8539673516448011,0.5420112197287797
SEQ_481,0,0.1135598370016993,0.8864401629983008,-1.1579084060485005,-1.1579084060485005,-1.1717064301154665
SEQ_482,0,0.1135598370016993,0.8864401629983008,-1.1579084060485005,-1.1579084060485005,-1.1717064301154665
SEQ_483,0,0.1135598370016993,0.8864401629983008,-1.1579084060485005,-1.1579084060485005,-1.1717064301154665
SEQ_484,0,0.1135598370016993,0.8864401629983008,-1.1579084060485005,-1.1579084060485005,-1.1717064301154665
SEQ_485,1,0.8964621671258399,0.8964621671258399,1.3288584442393745,1.3288584442393745,0.9465238960315286
SEQ_486,0,0.07364823221063087,0.9263517677893691,-1.4395896753507826,-1.4395896753507826,-1.4116427984463378
SEQ_487,0,0.1135598370016993,0.8864401629983008,-1.1579084060485005,-1.1579084060485005,-1.1717064301154665
SEQ_488,1,0.9044370280290127,0.9044370280290127,1.3813771196525497,1.3813771196525497,0.9912593528100281
SEQ_489,0,0.1092834852216762,0.8907165147783238,-1.1834137404031675,-1.1834137404031675,-1.19343189774518
SEQ_49,0,0.37222773319625313,0.6277722668037469,-0.2568118747188483,-0.2568118747188483,-0.40415156294833515
SEQ_490,0,0.14659206727358784,0.8534079327264121,-0.9847324836449178,-0.9847324836449178,-1.0241950176357308
SEQ_491,0,0.14659206727358784,0.8534079327264121,-0.9847324836449178,-0.9847324836449178,-1.0241950176357308
SEQ_492,0,0.14659206727358784,0.8534079327264121,-0.9847324836449178,-0.9847324836449178,-1.0241950176357308
SEQ_493,0,0.14659206727358784,0.8534079327264121,-0.9847324836449178,-0.9847324836449178,-1.0241950176357308
SEQ_494,0,0.14659206727358784,0.8534079327264121,-0.9847324836449178,-0.9847324836449178,-1.0241950176357308
SEQ_495,0,0.1092834852216762,0.8907165147783238,-1.1834137404031675,-1.1834137404031675,-1.19343189774518
SEQ_496,0,0.1092834852216762,0.8907165147783238,-1.1834137404031675,-1.1834137404031675,-1.19343189774518
SEQ_497,0,0.14659206727358784,0.8534079327264121,-0.9847324836449178,-0.9847324836449178,-1.0241950176357308
SEQ_498,0,0.14659206727358784,0.8534079327264121,-0.9847324836449178,-0.9847324836449178,-1.0241950176357308
SEQ_499,0,0.14659206727358784,0.8534079327264121,-0.9847324836449178,-0.9847324836449178,-1.0241950176357308
SEQ_5,0,0.338929804651266,0.661070195348734,-0.3470431112415656,-0.3470431112415656,-0.48101061451001903
SEQ_50,0,0.06883943138682071,0.9311605686131793,-1.482515362595463,-1.482515362595463,-1.4482069389413976
SEQ_500,0,0.14659206727358784,0.8534079327264121,-0.9847324836449178,-0.9847324836449178,-1.0241950176357308
SEQ_501,0,0.14659206727358784,0.8534079327264121,-0.9847324836449178,-0.9847324836449178,-1.0241950176357308
SEQ_502,1,0.9526565659861475,0.9526565659861475,1.8271106224782758,1.8271106224782758,1.3709355669094243
SEQ_503,0,0.16874406893913932,0.8312559310608607,-0.88611133784097,-0.88611133784097,-0.9401894335106634
SEQ_504,0,0.15225946125132855,0.8477405387486714,-0.958401516247768,-0.958401516247768,-1.0017662750091456
SEQ_505,1,0.8192434251844639,0.8192434251844639,0.9474311590625194,0.9474311590625194,0.6216237781986077
SEQ_506,1,0.9173763773100112,0.9173763773100112,1.475664031558492,1.475664031558492,1.0715730324518475
SEQ_507,1,0.7704851181420794,0.7704851181420794,0.7703989828978147,0.7703989828978147,0.47082760516273814
SEQ_508,0,0.3627372381776688,0.6372627618223312,-0.281951926110962,-0.281951926110962,-0.4255658822093083
SEQ_509,1,0.9663605600280374,0.9663605600280374,2.037564224025022,2.037564224025022,1.5502001413071278
SEQ_51,1,0.9530583983368907,0.9530583983368907,1.8323993247876085,1.8323993247876085,1.3754404884770797
SEQ_510,1,0.8477211154173371,0.8477211154173371,1.0685647926391302,1.0685647926391302,0.7248055204389995
SEQ_511,1,0.9173763773100112,0.9173763773100112,1.475664031558492,1.475664031558492,1.0715730324518475
SEQ_512,1,0.9173763773100112,0.9173763773100112,1.475664031558492,1.475664031558492,1.0715730324518475
SEQ_513,1,0.9173763773100112,0.9173763773100112,1.475664031558492,1.475664031558492,1.0715730324518475
SEQ_514,1,0.9173763773100112,0.9173763773100112,1.475664031558492,1.475664031558492,1.0715730324518475
SEQ_515,0,0.0810177412197862,0.9189822587802138,-1.3785645732445335,-1.3785645732445335,-1.3596615594641994
SEQ_516,1,0.9173763773100112,0.9173763773100112,1.475664031558492,1.475664031558492,1.0715730324518475
SEQ_517,1,0.9173763773100112,0.9173763773100112,1.475664031558492,1.475664031558492,1.0715730324518475
SEQ_518,1,0.9173763773100112,0.9173763773100112,1.475664031558492,1.475664031558492,1.0715730324518475
SEQ_519,0,0.10144922653179506,0.898550773468205,-1.2325051617644953,-1.2325051617644953,-1.2352480163206658
SEQ_52,0,0.14076337390357613,0.8592366260964239,-1.0127076131684327,-1.0127076131684327,-1.0480242590974864
SEQ_520,1,0.9173763773100112,0.9173763773100112,1.475664031558492,1.475664031558492,1.0715730324518475
SEQ_521,0,0.14337968754803715,0.8566203124519629,-1.0000334735358152,-1.0000334735358152,-1.0372284151185769
SEQ_522,1,0.8813324177076798,0.8813324177076798,1.2383989413576098,1.2383989413576098,0.8694704069719678
SEQ_523,1,0.9173763773100112,0.9173763773100112,1.475664031558492,1.475664031558492,1.0715730324518475
SEQ_524,0,0.39122040612927206,0.6087795938707279,-0.20770905243746962,-0.20770905243746962,-0.36232573305849963
SEQ_525,1,0.8813324177076798,0.8813324177076798,1.2383989413576098,1.2383989413576098,0.8694704069719678
SEQ_526,1,0.7020005424081056,0.7020005424081056,0.5612958028601561,0.5612958028601561,0.2927133210680033
SEQ_527,1,0.9663918256583871,0.9663918256583871,2.038132943299523,2.038132943299523,1.5506845769164304
SEQ_528,0,0.23922407561740452,0.7607759243825954,-0.6277235210299198,-0.6277235210299198,-0.7200944497719501
SEQ_529,1,0.8477211154173371,0.8477211154173371,1.0685647926391302,1.0685647926391302,0.7248055204389995
SEQ_53,0,0.1826527498540464,0.8173472501459536,-0.8293831655595427,-0.8293831655595427,-0.8918683233673864
SEQ_530,1,0.6074427433270407,0.6074427433270407,0.3103337836104032,0.3103337836104032,0.07894363862898669
SEQ_531,1,0.9173763773100112,0.9173763773100112,1.475664031558492,1.475664031558492,1.0715730324518475
SEQ_532,1,0.6328825024117897,0.6328825024117897,0.37042502895038065,0.37042502895038065,0.13012941754523066
SEQ_533,1,0.8477211154173371,0.8477211154173371,1.0685647926391302,1.0685647926391302,0.7248055204389995
SEQ_534,1,0.8418959227280205,0.8418959227280205,1.0423908284496841,1.0423908284496841,0.7025105132914047
SEQ_535,1,0.8477211154173371,0.8477211154173371,1.0685647926391302,1.0685647926391302,0.7248055204389995
SEQ_536,1,0.9173763773100112,0.9173763773100112,1.475664031558492,1.475664031558492,1.0715730324518475
SEQ_537,1,0.48464445955080965,0.5153555404491903,0.019102523555545536,0.019102523555545536,-0.16912742074627723
SEQ_538,1,0.9308799339810485,0.9308799339810485,1.5897335413903302,1.5897335413903302,1.168737547487325
SEQ_539,0,0.20300886714822589,0.7969911328517741,-0.7521039183837237,-0.7521039183837237,-0.8260417884307961
SEQ_54,1,0.9715062501764131,0.9715062501764131,2.1388169697136865,2.1388169697136865,1.6364473246723679
SEQ_540,1,0.9662692038641998,0.9662692038641998,2.035905378147399,2.035905378147399,1.5487871348389186
SEQ_541,1,0.938410353272174,0.938410353272174,1.662678287588213,1.662678287588213,1.230871950441733
SEQ_542,0,0.4534517584156984,0.5465482415843016,-0.054954076672660945,-0.054954076672660945,-0.23220890200237965
SEQ_543,1,0.8243444365270639,0.8243444365270639,0.9679586724712005,0.9679586724712005,0.6391091332963821
SEQ_544,1,0.9084509327629373,0.9084509327629373,1.409319021548968,1.409319021548968,1.0150602909479824
SEQ_545,0,0.3020568708782582,0.6979431291217417,-0.4391267637064592,-0.4391267637064592,-0.5594475557017267
SEQ_546,1,0.639885823679828,0.639885823679828,0.3868615645796697,0.3868615645796697,0.14413007394883567
SEQ_547,1,0.7546316354073748,0.7546316354073748,0.7187065261346252,0.7187065261346252,0.42679592220212814
SEQ_548,1,0.9601456845398133,0.9601456845398133,1.9335403271386262,1.9335403271386262,1.4615924887629244
SEQ_549,1,0.6895201454556559,0.6895201454556559,0.5264804652236544,0.5264804652236544,0.2630575839456641
SEQ_55,1,0.880559508820476,0.880559508820476,1.2340552549609813,1.2340552549609813,0.8657704508415628
SEQ_550,0,0.24644557630547415,0.7535544236945259,-0.6045319981932697,-0.6045319981932697,-0.7003398889547848
SEQ_551,0,0.2717769645279346,0.7282230354720653,-0.526573194568075,-0.526573194568075,-0.6339345071997926
SEQ_552,1,0.5208633102182749,0.5208633102182749,0.10468029523578293,0.10468029523578293,-0.0962321948845614
SEQ_553,0,0.19076320053437484,0.8092367994656251,-0.7978425472657144,-0.7978425472657144,-0.8650019952402923
SEQ_554,1,0.8748065876757509,0.8748065876757509,1.2024690267702836,1.2024690267702836,0.8388652721617079
SEQ_555,0,0.09309977442694474,0.9069002255730553,-1.2886771800805321,-1.2886771800805321,-1.283095393996679
SEQ_556,1,0.5794521016640165,0.5794521016640165,0.24379341621543116,0.24379341621543116,0.022264491521699174
SEQ_557,1,0.7945707807629052,0.7945707807629052,0.8539673516448011,0.8539673516448011,0.5420112197287797
SEQ_558,1,0.7312874337876756,0.7312874337876756,0.6465053640962176,0.6465053640962176,0.36529490492939765
SEQ_559,1,0.8192434251844639,0.8192434251844639,0.9474311590625194,0.9474311590625194,0.6216237781986077
SEQ_56,1,0.8277474424442112,0.8277474424442112,0.9819135510264639,0.9819135510264639,0.6509959118860337
SEQ_560,1,0.8610749395149415,0.8610749395149415,1.131831836684694,1.131831836684694,0.778696447659409
SEQ_561,1,0.8748065876757509,0.8748065876757509,1.2024690267702836,1.2024690267702836,0.8388652721617079
SEQ_562,1,0.8700920236710478,0.8700920236710478,1.1775034442956045,1.1775034442956045,0.8175995656875898
SEQ_563,1,0.8224540754537863,0.8224540754537863,0.9602980060841403,0.9602980060841403,0.6325837705114924
SEQ_564,1,0.7885984940097016,0.7885984940097016,0.8326137013696052,0.8326137013696052,0.5238221604763529
SEQ_565,1,0.7301895200359025,0.7301895200359025,0.6432110163928487,0.6432110163928487,0.36248877647817557
SEQ_566,1,0.8457072698369688,0.8457072698369688,1.0594251737336853,1.0594251737336853,0.7170203845173514
SEQ_567,1,0.492000788163692,0.5079992118363079,0.03648718582348576,0.03648718582348576,-0.1543191491861543
SEQ_568,1,0.958186617762947,0.958186617762947,1.9039656830339609,1.9039656830339609,1.4364007792867206
SEQ_569,1,0.9616064885390482,0.9616064885390482,1.9565134233456138,1.9565134233456138,1.4811609935728949
SEQ_57,1,0.9460474838572507,0.9460474838572507,1.7457368130842812,1.7457368130842812,1.3016212800503604
SEQ_570,0,0.13841617759611452,0.8615838224038854,-1.0242468003732603,-1.0242468003732603,-1.057853349538162
SEQ_571,1,0.573561027071503,0.573561027071503,0.22977099105422705,0.22977099105422705,0.010320176670007009
SEQ_572,1,0.6158561693196313,0.6158561693196313,0.33026451092044085,0.33026451092044085,0.09592065077043478
SEQ_573,0,0.21368317720673055,0.7863168227932694,-0.7138853326922168,-0.7138853326922168,-0.7934871614359792
SEQ_574,0,0.15766166118477692,0.842338338815223,-0.9340409841125197,-0.9340409841125197,-0.9810159509793767
SEQ_575,0,0.15766166118477692,0.842338338815223,-0.9340409841125197,-0.9340409841125197,-0.9810159509793767
SEQ_576,0,0.15586888590039016,0.8441311140996098,-0.9420486969978014,-0.9420486969978014,-0.987836928295653
SEQ_577,1,0.9049854708491011,0.9049854708491011,1.3851318235264767,1.3851318235264767,0.9944576130773841
SEQ_578,1,0.964270561683612,0.964270561683612,2.0006574119690277,2.0006574119690277,1.5187628843204648
SEQ_579,1,0.8002462848808828,0.8002462848808828,0.8746872392994492,0.8746872392994492,0.5596604393889797
SEQ_58,1,0.7986893028954368,0.7986893028954368,0.8689601259753686,0.8689601259753686,0.5547820789094102
SEQ_580,1,0.9444853350471936,0.9444853350471936,1.7278849753395753,1.7278849753395753,1.2864150679827056
SEQ_581,1,0.8954791711658358,0.8954791711658358,1.3226372950370728,1.3226372950370728,0.9412247153293752
SEQ_582,0,0.14152775376483193,0.858472246235168,-1.008984557261778,-1.008984557261778,-1.0448529565982176
SEQ_583,1,0.8525360119882492,0.8525360119882492,1.0908258476746973,1.0908258476746973,0.743767507913984
SEQ_584,0,0.14005725308875197,0.8599427469112481,-1.016161958635908,-1.016161958635908,-1.05096667379364
SEQ_585,0,0.33670464917081006,0.6632953508291899,-0.3532860779676095,-0.3532860779676095,-0.4863283793992776
SEQ_586,1,0.9047885536703604,0.9047885536703604,1.383781464966992,1.383781464966992,0.9933073763949457
SEQ_587,1,0.9040149753125523,0.9040149753125523,1.378500882397597,1.378500882397597,0.9888093712293546
SEQ_588,0,0.11542058205694278,0.8845794179430573,-1.1470714045916637,-1.1470714045916637,-1.1624754621508928
SEQ_589,1,0.480392025199837,0.519607974800163,0.009045254049224183,0.009045254049224183,-0.17769421230699678
SEQ_59,0,0.08719375934077238,0.9128062406592277,-1.331206681872764,-1.331206681872764,-1.3193220633532372
SEQ_590,0,0.24644557630547415,0.7535544236945259,-0.6045319981932697,-0.6045319981932697,-0.7003398889547848
SEQ_591,1,0.8590502955051744,0.8590502955051744,1.121922455067637,1.121922455067637,0.7702556271409179
SEQ_592,0,0.07347424620162037,0.9265257537983796,-1.4410970626887276,-1.4410970626887276,-1.4129267923889608
SEQ_593,0,0.23922407561740452,0.7607759243825954,-0.6277235210299198,-0.6277235210299198,-0.7200944497719501
SEQ_594,0,0.02247444195630707,0.9775255580436929,-2.1841410142685107,-2.1841410142685107,-2.0458523244766162
SEQ_595,0,0.10166652356268996,0.8983334764373101,-1.2310990308968006,-1.2310990308968006,-1.2340502727339933
SEQ_596,1,0.8525360119882492,0.8525360119882492,1.0908258476746973,1.0908258476746973,0.743767507913984
SEQ_597,1,0.8525360119882492,0.8525360119882492,1.0908258476746973,1.0908258476746973,0.743767507913984
SEQ_598,1,0.8663635871765177,0.8663635871765177,1.1583026062641384,1.1583026062641384,0.8012442739154723
SEQ_599,1,0.9190737183148678,0.9190737183148678,1.4890162728847676,1.4890162728847676,1.0829464840868797
SEQ_6,0,0.06883943138682071,0.9311605686131793,-1.482515362595463,-1.482515362595463,-1.4482069389413976
SEQ_60,0,0.13918123408686037,0.8608187659131397,-1.0204677692639077,-1.0204677692639077,-1.0546343673089444
SEQ_600,1,0.8525360119882492,0.8525360119882492,1.0908258476746973,1.0908258476746973,0.743767507913984
SEQ_601,1,0.8658320264436749,0.8658320264436749,1.1556023730820009,1.1556023730820009,0.7989442127684411
SEQ_602,1,0.8658320264436749,0.8658320264436749,1.1556023730820009,1.1556023730820009,0.7989442127684411
SEQ_603,1,0.8525360119882492,0.8525360119882492,1.0908258476746973,1.0908258476746973,0.743767507913984
SEQ_604,1,0.8596105154731586,0.8596105154731586,1.1246523732170157,1.1246523732170157,0.772580973970776
SEQ_605,1,0.8690206310693365,0.8690206310693365,1.1719383701583967,1.1719383701583967,0.8128592303387713
SEQ_606,1,0.8866850433660518,0.8866850433660518,1.2691767940772851,1.2691767940772851,0.8956870106704428
SEQ_607,1,0.8594205404389793,0.8594205404389793,1.1237256149131731,1.1237256149131731,0.7717915603818097
SEQ_608,0,0.28323803794213265,0.7167619620578674,-0.4928179044235852,-0.4928179044235852,-0.6051817195214175
SEQ_609,1,0.82144249675782,0.82144249675782,0.9562246829043483,0.9562246829043483,0.6291141100217548
SEQ_61,0,0.1553448164276956,0.8446551835723044,-0.9444037067150526,-0.9444037067150526,-0.9898429277727954
SEQ_610,0,0.33126770541836825,0.6687322945816317,-0.3686609274670449,-0.3686609274670449,-0.4994246905656741
SEQ_611,0,0.3570946202345625,0.6429053797654375,-0.2971083742958897,-0.2971083742958897,-0.4384761589319825
SEQ_612,0,0.37222773319625313,0.6277722668037469,-0.2568118747188483,-0.2568118747188483,-0.40415156294833515
SEQ_613,0,0.03495059022827513,0.9650494097717248,-1.921479776295452,-1.921479776295452,-1.8221172365999871
SEQ_614,0,0.15406305645228224,0.8459369435477178,-0.9501909996865157,-0.9501909996865157,-0.9947725493322236
SEQ_615,0,0.15406305645228224,0.8459369435477178,-0.9501909996865157,-0.9501909996865157,-0.9947725493322236
SEQ_616,0,0.15406305645228224,0.8459369435477178,-0.9501909996865157,-0.9501909996865157,-0.9947725493322236
SEQ_617,0,0.06976481312960336,0.9302351868703966,-1.4740441049708655,-1.4740441049708655,-1.4409911137831408
SEQ_618,0,0.14665088600303355,0.8533491139969664,-0.9844549262522113,-0.9844549262522113,-1.0239585939893365
SEQ_619,0,0.14618294122944803,0.853817058770552,-0.9866656491655965,-0.9866656491655965,-1.025841689832157
SEQ_62,0,0.15375612618534187,0.8462438738146582,-0.9515826630740316,-0.9515826630740316,-0.9959579695057648
SEQ_620,0,0.07135319093689362,0.9286468090631064,-1.4597428947557596,-1.4597428947557596,-1.4288093295621014
SEQ_621,0,0.15247307729188916,0.8475269227081108,-0.9574249232713269,-0.9574249232713269,-1.0009344121995056
SEQ_622,0,0.06080622567863969,0.9391937743213603,-1.5608518650862022,-1.5608518650862022,-1.514934044942897
SEQ_623,0,0.09387368583447733,0.9061263141655227,-1.2832852408062396,-1.2832852408062396,-1.2785025350858297
SEQ_624,0,0.06080622567863969,0.9391937743213603,-1.5608518650862022,-1.5608518650862022,-1.514934044942897
SEQ_625,0,0.2869869827465851,0.7130130172534149,-0.48195772101025725,-0.48195772101025725,-0.5959310051446488
SEQ_626,1,0.769224316344198,0.769224316344198,0.7661995397999358,0.7661995397999358,0.4672505156089563
SEQ_627,1,0.769224316344198,0.769224316344198,0.7661995397999358,0.7661995397999358,0.4672505156089563
SEQ_628,0,0.15406305645228224,0.8459369435477178,-0.9501909996865157,-0.9501909996865157,-0.9947725493322236
SEQ_629,0,0.07405325778932413,0.9259467422106759,-1.4360932545710954,-1.4360932545710954,-1.4086645439599366
SEQ_63,0,0.026143856429140366,0.9738561435708596,-2.0943545636460557,-2.0943545636460557,-1.9693721419602828
SEQ_630,1,0.8267019022165466,0.8267019022165466,0.9776031864574423,0.9776031864574423,0.6473243393195125
SEQ_631,1,0.9700931148981163,0.9700931148981163,2.1093519044523004,2.1093519044523004,1.611348954557235
SEQ_632,1,0.6145703963461243,0.6145703963461243,0.3272217799750733,0.3272217799750733,0.09332884970873197
SEQ_633,1,0.6145703963461243,0.6145703963461243,0.3272217799750733,0.3272217799750733,0.09332884970873197
SEQ_634,1,0.9256042673871744,0.9256042673871744,1.542908458482123,1.542908458482123,1.1288518981233608
SEQ_635,0,0.060233089242729534,0.9397669107572705,-1.5668037336338707,-1.5668037336338707,-1.520003852131879
SEQ_636,0,0.14337968754803715,0.8566203124519629,-1.0000334735358152,-1.0000334735358152,-1.0372284151185769
SEQ_637,0,0.021253539141781873,0.9787464608582181,-2.2172681120743896,-2.2172681120743896,-2.0740700173341216
SEQ_638,0,0.028672557357491715,0.9713274426425083,-2.039462925020046,-2.039462925020046,-1.9226153929003313
SEQ_639,0,0.3027914310838215,0.6972085689161784,-0.4370708886294898,-0.4370708886294898,-0.55769635939062
SEQ_64,0,0.05657613175828847,0.9434238682417115,-1.6319117096990234,-1.6319117096990234,-1.5754628869663243
SEQ_640,1,0.4940920672817369,0.5059079327182632,0.04142731322425597,0.04142731322425597,-0.15011114405124196
SEQ_641,1,0.7400963914153696,0.7400963914153696,0.6732523131418237,0.6732523131418237,0.38807798111273684
SEQ_642,0,0.028672557357491715,0.9713274426425083,-2.039462925020046,-2.039462925020046,-1.9226153929003313
SEQ_643,0,0.3027914310838215,0.6972085689161784,-0.4370708886294898,-0.4370708886294898,-0.55769635939062
SEQ_644,1,0.4940920672817369,0.5059079327182632,0.04142731322425597,0.04142731322425597,-0.15011114405124196
SEQ_645,1,0.8112042264501298,0.8112042264501298,0.9159702557593447,0.9159702557593447,0.5948253513750201
SEQ_646,1,0.8439812291509572,0.8439812291509572,1.051668928317468,1.051668928317468,0.7104136074261383
SEQ_647,0,0.07811626471338666,0.9218837352866134,-1.4019590942365423,-1.4019590942365423,-1.3795890342997348
SEQ_648,0,0.15627461071603022,0.8437253892839698,-0.940229922357741,-0.940229922357741,-0.9862876943581985
SEQ_649,0,0.06775233967707098,0.932247660322929,-1.4926027433635918,-1.4926027433635918,-1.4567993793030538
SEQ_65,0,0.21332045112839249,0.7866795488716075,-0.7151607678908136,-0.7151607678908136,-0.7945735783296217
SEQ_650,0,0.06775233967707098,0.932247660322929,-1.4926027433635918,-1.4926027433635918,-1.4567993793030538
SEQ_651,0,0.0817500331836003,0.9182499668163997,-1.3727810781211893,-1.3727810781211893,-1.3547351729153467
SEQ_652,0,0.0817500331836003,0.9182499668163997,-1.3727810781211893,-1.3727810781211893,-1.3547351729153467
SEQ_653,0,0.05289309534003822,0.9471069046599618,-1.6726954836813839,-1.6726954836813839,-1.6102025437436214
SEQ_654,0,0.06775233967707098,0.932247660322929,-1.4926027433635918,-1.4926027433635918,-1.4567993793030538
SEQ_655,0,0.0576146089534162,0.9423853910465838,-1.6208680102736994,-1.6208680102736994,-1.5660558534791016
SEQ_656,1,0.5135260283291806,0.5135260283291806,0.08733359590603496,0.08733359590603496,-0.11100812957846819
SEQ_657,0,0.19085763948787846,0.8091423605121215,-0.7974814058367614,-0.7974814058367614,-0.8646943746337415
SEQ_658,0,0.028672557357491715,0.9713274426425083,-2.039462925020046,-2.039462925020046,-1.9226153929003313
SEQ_659,0,0.3027914310838215,0.6972085689161784,-0.4370708886294898,-0.4370708886294898,-0.55769635939062
SEQ_66,1,0.7822807407829461,0.7822807407829461,0.810496449705543,0.810496449705543,0.5049826648475535
SEQ_660,1,0.4940920672817369,0.5059079327182632,0.04142731322425597,0.04142731322425597,-0.15011114405124196
SEQ_661,1,0.8619923666579368,0.8619923666579368,1.1363620725995363,1.1363620725995363,0.7825553068436982
SEQ_662,0,0.06775233967707098,0.932247660322929,-1.4926027433635918,-1.4926027433635918,-1.4567993793030538
SEQ_663,0,0.053778624158053054,0.946221375841947,-1.6626482724274858,-1.6626482724274858,-1.601644319811712
SEQ_664,0,0.08169470121154804,0.9183052987884519,-1.3732164266806963,-1.3732164266806963,-1.355106003225026
SEQ_665,0,0.053778624158053054,0.946221375841947,-1.6626482724274858,-1.6626482724274858,-1.601644319811712
SEQ_666,0,0.2153047850907011,0.7846952149092989,-0.7082025414182497,-0.7082025414182497,-0.7886465545201007
SEQ_667,1,0.9302187668308542,0.9302187668308542,1.5836872530832213,1.5836872530832213,1.163587313459047
SEQ_668,0,0.30485490119235353,0.6951450988076464,-0.43131070878836,-0.43131070878836,-0.5527898328209381
SEQ_669,1,0.7489687049742669,0.7489687049742669,0.7007913908886508,0.7007913908886508,0.4115357932637619
SEQ_67,0,0.31464124271346544,0.6853587572865345,-0.40428305673753256,-0.40428305673753256,-0.529767653555526
SEQ_670,1,0.7489687049742669,0.7489687049742669,0.7007913908886508,0.7007913908886508,0.4115357932637619
SEQ_671,1,0.7489687049742669,0.7489687049742669,0.7007913908886508,0.7007913908886508,0.4115357932637619
SEQ_672,1,0.7489687049742669,0.7489687049742669,0.7007913908886508,0.7007913908886508,0.4115357932637619
SEQ_673,1,0.7489687049742669,0.7489687049742669,0.7007913908886508,0.7007913908886508,0.4115357932637619
SEQ_674,1,0.7489687049742669,0.7489687049742669,0.7007913908886508,0.7007913908886508,0.4115357932637619
SEQ_675,1,0.9097043010508014,0.9097043010508014,1.4182710925415947,1.4182710925415947,1.0226856733822898
SEQ_676,1,0.9652755880811483,0.9652755880811483,2.0181377879648874,2.0181377879648874,1.5336526849234429
SEQ_677,0,0.18666012328222503,0.813339876717775,-0.8136669825114085,-0.8136669825114085,-0.8784812639653433
SEQ_678,0,0.3627372381776688,0.6372627618223312,-0.281951926110962,-0.281951926110962,-0.4255658822093083
SEQ_679,1,0.7891282996758762,0.7891282996758762,0.8344900722730187,0.8344900722730187,0.5254204549647365
SEQ_68,0,0.12939695530830392,0.8706030446916961,-1.0701794172037151,-1.0701794172037151,-1.0969787954633785
SEQ_680,1,0.9221346689277187,0.9221346689277187,1.5137580250959202,1.5137580250959202,1.1040215317334297
SEQ_681,1,0.9369377871229769,0.9369377871229769,1.64778263487994,1.64778263487994,1.2181838195497015
SEQ_682,1,0.5871878244620492,0.5871878244620492,0.2622038981854523,0.2622038981854523,0.037946557262348246
SEQ_683,1,0.9061137184013978,0.9061137184013978,1.3929177476295305,1.3929177476295305,1.0010896705017696
SEQ_684,1,0.7986893028954368,0.7986893028954368,0.8689601259753686,0.8689601259753686,0.5547820789094102
SEQ_685,1,0.9497503701245824,0.9497503701245824,1.7900825647941718,1.7900825647941718,1.339395032783473
SEQ_686,0,0.14347585881058103,0.856524141189419,-0.9995712794431488,-0.9995712794431488,-1.0368347177586743
SEQ_687,1,0.9061137184013978,0.9061137184013978,1.3929177476295305,1.3929177476295305,1.0010896705017696
SEQ_688,1,0.9676614067146683,0.9676614067146683,2.0616685378516593,2.0616685378516593,1.5707322183422696
SEQ_689,1,0.9710588257298064,0.9710588257298064,2.129337421841558,2.129337421841558,1.6283726369393463
SEQ_69,0,0.020630134376092388,0.9793698656239076,-2.23491836257123,-2.23491836257123,-2.0891045171957274
SEQ_690,1,0.8005688497467087,0.8005688497467087,0.875877892003797,0.875877892003797,0.5606746384748194
SEQ_691,1,0.9497503701245824,0.9497503701245824,1.7900825647941718,1.7900825647941718,1.339395032783473
SEQ_692,1,0.6577380280955003,0.6577380280955003,0.44107534479506916,0.44107534479506916,0.19030942258139175
SEQ_693,1,0.8548775197946052,0.8548775197946052,1.10186923414402,1.10186923414402,0.7531742748249926
SEQ_694,1,0.9690470858480205,0.9690470858480205,2.0883971226127493,2.0883971226127493,1.5934996518109028
SEQ_695,1,0.9635012096054625,0.9635012096054625,1.9875928720256133,1.9875928720256133,1.507634496992117
SEQ_696,1,0.9190737183148678,0.9190737183148678,1.4890162728847676,1.4890162728847676,1.0829464840868797
SEQ_697,1,0.8316438604783325,0.8316438604783325,0.9981611068324493,0.9981611068324493,0.6648355950996087
SEQ_698,1,0.6577380280955003,0.6577380280955003,0.44107534479506916,0.44107534479506916,0.19030942258139175
SEQ_699,1,0.6895201454556559,0.6895201454556559,0.5264804652236544,0.5264804652236544,0.2630575839456641
SEQ_7,0,0.07261752114980762,0.9273824788501924,-1.448567881696496,-1.448567881696496,-1.4192904429988191
SEQ_70,0,0.06643145462219988,0.9335685453778001,-1.5050635296740587,-1.5050635296740587,-1.4674134887228465
SEQ_700,0,0.037949980799010706,0.9620500192009893,-1.8722821657353825,-1.8722821657353825,-1.780210665965814
SEQ_701,0,0.08491426579393987,0.9150857342060601,-1.348320453309963,-1.348320453309963,-1.3338995898506758
SEQ_702,1,0.9436245053128499,0.9436245053128499,1.7182488619061478,1.7182488619061478,1.2782070175583098
SEQ_703,1,0.6895201454556559,0.6895201454556559,0.5264804652236544,0.5264804652236544,0.2630575839456641
SEQ_704,1,0.8514423444966757,0.8514423444966757,1.0857173976405017,1.0857173976405017,0.7394161254026774
SEQ_705,0,0.06516750360139462,0.9348324963986054,-1.517204585714951,-1.517204585714951,-1.4777552516003318
SEQ_706,1,0.8784575415806171,0.8784575415806171,1.22236472015042,1.22236472015042,0.8558124423689384
SEQ_707,0,0.08682363983591473,0.9131763601640852,-1.333957671910226,-1.333957671910226,-1.3216653592370495
SEQ_708,1,0.6387921512756861,0.6387921512756861,0.38429826557919433,0.38429826557919433,0.14194665346566468
SEQ_71,0,0.11868797064025696,0.8813120293597431,-1.1284041706581327,-1.1284041706581327,-1.1465746948478752
SEQ_72,0,0.0284319408020205,0.9715680591979795,-2.044476149897391,-2.044476149897391,-1.926885662534076
SEQ_73,0,0.25967561857890387,0.7403243814210961,-0.5631981138663594,-0.5631981138663594,-0.6651316476721016
SEQ_74,1,0.9311381982390333,0.9311381982390333,1.5921099248754258,1.5921099248754258,1.170761753159884
SEQ_75,0,0.03409919195979314,0.9659008080402068,-1.9361988622561022,-1.9361988622561022,-1.8346549677714494
SEQ_76,0,0.13062686954305927,0.8693731304569408,-1.0637590925422857,-1.0637590925422857,-1.0915099569190754
SEQ_77,0,0.04596750142978091,0.9540324985702191,-1.757338120163321,-1.757338120163321,-1.6823012205698464
SEQ_78,0,0.05657613175828847,0.9434238682417115,-1.6319117096990234,-1.6319117096990234,-1.5754628869663243
SEQ_79,1,0.5794521016640165,0.5794521016640165,0.24379341621543116,0.24379341621543116,0.022264491521699174
SEQ_8,1,0.9585801622575909,0.9585801622575909,1.9097988197470177,1.9097988197470177,1.4413694505880643
SEQ_80,0,0.07636244932507498,0.923637550674925,-1.4164885517577797,-1.4164885517577797,-1.3919652397893596
SEQ_81,0,0.14037451639653753,0.8596254836034625,-1.0146081070478883,-1.0146081070478883,-1.0496431015593979
SEQ_82,1,0.9177245135557981,0.9177245135557981,1.478382070737339,1.478382070737339,1.0738882607635098
SEQ_83,1,0.7489687049742669,0.7489687049742669,0.7007913908886508,0.7007913908886508,0.4115357932637619
SEQ_84,0,0.15406305645228224,0.8459369435477178,-0.9501909996865157,-0.9501909996865157,-0.9947725493322236
SEQ_85,1,0.9060738935180285,0.9060738935180285,1.3926414872012174,1.3926414872012174,1.0008543516108572
SEQ_86,1,0.9186995601767729,0.9186995601767729,1.4860510505552007,1.4860510505552007,1.0804207049365224
SEQ_87,0,0.16367124974899747,0.8363287502510025,-0.9077258902423104,-0.9077258902423104,-0.9586007294378681
SEQ_88,1,0.899740944021985,0.899740944021985,1.3499969040858986,1.3499969040858986,0.9645296558757877
SEQ_89,1,0.6105943376408649,0.6105943376408649,0.31780516425241323,0.31780516425241323,0.08530776763941691
SEQ_9,1,0.9573624246955519,0.9573624246955519,1.8919175383723683,1.8919175383723683,1.426138158408918
SEQ_90,0,0.30335537977425114,0.6966446202257488,-0.4354944325213328,-0.4354944325213328,-0.5563535326050084
SEQ_91,0,0.14593574299546838,0.8540642570045316,-0.9878358619735228,-0.9878358619735228,-1.0268384781951303
SEQ_92,0,0.3715638035985621,0.6284361964014379,-0.258556764637056,-0.258556764637056,-0.40563786181069444
SEQ_93,0,0.20833228515156066,0.7916677148484393,-0.7328634276499043,-0.7328634276499043,-0.8096527204497713
SEQ_94,0,0.06817393318111002,0.93182606681889,-1.48867299309412,-1.48867299309412,-1.4534520143524492
SEQ_95,0,0.2636379164277378,0.7363620835722622,-0.5510881981978211,-0.5510881981978211,-0.6548164101928781
SEQ_96,1,0.912046276549964,0.912046276549964,1.4353046488488124,1.4353046488488124,1.0371948725570752
SEQ_97,1,0.8120400609834459,0.8120400609834459,0.919192882205692,0.919192882205692,0.5975703875925111
SEQ_98,1,0.6241053687148356,0.6241053687148356,0.3497546906804211,0.3497546906804211,0.1125224040971961
SEQ_99,1,0.9173901670396203,0.9173901670396203,1.4757714940949866,1.4757714940949866,1.0716645691408224
